Insert into CIENTIFICOS values ('11111111','Mekansko Dela');
Insert into CIENTIFICOS values ('22222222','Elman Del');
Insert into CIENTIFICOS values ('33333333','Pokein Tor');
Insert into CIENTIFICOS values ('44444444','Agual Diente');
Insert into CIENTIFICOS values ('44444445','Agual Dento');
Insert into CIENTIFICOS values ('44444446','Agual Domeno');
Insert into CIENTIFICOS values ('44444447','Agual Durenta');
Insert into CIENTIFICOS values ('44444448','Agual Lomena');
Insert into CIENTIFICOS values ('44444449','Agual Polera');
Insert into CIENTIFICOS values ('44444441','Agual Misone');

Insert into PROYECTO values ('0000','Proyecto 0',4);
Insert into PROYECTO values ('1111','Proyecto 1',3);
Insert into PROYECTO values ('2222','Proyecto 2',8);
Insert into PROYECTO values ('3333','Proyecto 3',2);
Insert into PROYECTO values ('4444','Proyecto 4',1);
Insert into PROYECTO values ('5555','Proyecto 5',9);
Insert into PROYECTO values ('6666','Proyecto 6',5);
Insert into PROYECTO values ('7777','Proyecto 7',6);
Insert into PROYECTO values ('8888','Proyecto 8',15);
Insert into PROYECTO values ('9999','Proyecto 9',40);

Insert into ASIGNADO_A values ('11111111','0000');
Insert into ASIGNADO_A values ('22222222','1111');
Insert into ASIGNADO_A values ('33333333','2222');
Insert into ASIGNADO_A values ('44444444','3333');
Insert into ASIGNADO_A values ('44444445','4444');
Insert into ASIGNADO_A values ('44444446','5555');
Insert into ASIGNADO_A values ('44444447','6666');
Insert into ASIGNADO_A values ('44444448','7777');
Insert into ASIGNADO_A values ('44444449','8888');
Insert into ASIGNADO_A values ('44444441','9999');

